Company Name,Industry sector,Project Year,Tasks,Task Status,Assigned to,,,,,,,,,,,,,,,,,,,,
Abbott Laboratories South Africa,,2020,4,In progress,,,,,,,,,,,,,,,,,,,,,
Abbott Laboratories South Africa,,2021,4,In progress,,,,,,,,,,,,,,,,,,,,,
British American Tobacco UAE,,2022,3,Done,,,,,,,,,,,,,,,,,,,,,
British American Tobacco UAE,,2022,5,Not started,,,,,,,,,,,,,,,,,,,,,
"Dow Chemical IMEA GmbH, UAE",Chemicals,2019,4,In progress,,,,,,,,,,,,,,,,,,,,,
"Dow Chemical IMEA GmbH, UAE",Chemicals,2017,4,Done,,,,,,,,,,,,,,,,,,,,,
Goodyear Middle East & Africa,,2020,3,Done,,,,,,,,,,,,,,,,,,,,,
Goodyear Middle East & Africa,,2021,5,In progress,,,,,,,,,,,,,,,,,,,,,
Infosys France,IT,2022,3,In progress,,,,,,,,,,,,,,,,,,,,,
Infosys UK,IT,2022,3,Done,,,,,,,,,,,,,,,,,,,,,
JA International Luxembourg S.A.(DMCC),FMCG,2019,4,Done,,,,,,,,,,,,,,,,,,,,,
JA International UAE,FMCG,2017,4,Blocked,,,,,,,,,,,,,,,,,,,,,
Medtronic United Arab Emirates,Healthcare,2020,3,Not started,,,,,,,,,,,,,,,,,,,,,
Medtronic United Arab Emirates,Healthcare,2021,5,Blocked,,,,,,,,,,,,,,,,,,,,,
Merck Denmark,,2022,3,Not started,,,,,,,,,,,,,,,,,,,,,
Merck Denmark,,2022,10,Done,,,,,,,,,,,,,,,,,,,,,
PMI Management Services (Middle East) Limited,FMCG,2019,8,Not started,,,,,,,,,,,,,,,,,,,,,
PMI Management Services (Middle East) Limited,FMCG,2017,4,In progress,,,,,,,,,,,,,,,,,,,,,
Sanofi UAE,Healthcare,2016,3,Done,,,,,,,,,,,,,,,,,,,,,
Sanofi Yemen,Healthcare,2014,5,Done,,,,,,,,,,,,,,,,,,,,,
"Tata Consultancy Services Limited, UAE",,2017,4,In progress,,,,,,,,,,,,,,,,,,,,,
"Tata Consultancy Services Limited, UAE",,2020,4,In progress,,,,,,,,,,,,,,,,,,,,,
Philip Morris Armenia LLC,FMCG,2021,3,Done,,,,,,,,,,,,,,,,,,,,,
Philip Morris Armenia LLC,FMCG,2022,5,Not started,,,,,,,,,,,,,,,,,,,,,
JTI Armenia CJSC,FMCG,2022,3,In progress,,,,,,,,,,,,,,,,,,,,,
JTI Armenia CJSC,FMCG,2019,4,Done,,,,,,,,,,,,,,,,,,,,,
British American Tobacco Angola Limitada,,2017,3,Done,,,,,,,,,,,,,,,,,,,,,
British American Tobacco Angola Limitada,,2020,5,In progress,,,,,,,,,,,,,,,,,,,,,
DHL Internacional (Angola)-Transportadores Rápidos Limitada,Transport and Logistics,2021,4,In progress,,,,,,,,,,,,,,,,,,,,,
DHL Internacional (Angola)-Transportadores Rápidos Limitada,Transport and Logistics,2022,4,Done,,,,,,,,,,,,,,,,,,,,,
British American Tobacco Argentina,FMCG,2022,3,Done,,,,,,,,,,,,,,,,,,,,,
British American Tobacco Argentina,FMCG,2019,5,Blocked,,,,,,,,,,,,,,,,,,,,,
DHL Express (Argentina) SA,,2017,3,Not started,,,,,,,,,,,,,,,,,,,,,
DHL Express (Argentina) SA,,2017,3,Blocked,,,,,,,,,,,,,,,,,,,,,
Massalin Particulares & Philip Morris Latin American Services,FMCG,2020,4,Not started,,,,,,,,,,,,,,,,,,,,,
Massalin Particulares & Philip Morris Latin American Services,FMCG,2021,4,Done,,,,,,,,,,,,,,,,,,,,,
Merck,Healthcare,2022,3,Not started,,,,,,,,,,,,,,,,,,,,,
Merck,Healthcare,2022,5,In progress,,,,,,,,,,,,,,,,,,,,,
Saint-Gobain Argentina,Retail,2019,3,Done,,,,,,,,,,,,,,,,,,,,,
Saint-Gobain Argentina,Retail,2022,10,Done,,,,,,,,,,,,,,,,,,,,,
Sandoz Yemen,Healthcare,2019,8,In progress,,,,,,,,,,,,,,,,,,,,,
Sandoz Yemen,Healthcare,2017,4,In progress,,,,,,,,,,,,,,,,,,,,,
Sanofi Argentina,Healthcare,2020,3,Done,,,,,,,,,,,,,,,,,,,,,
Sanofi,Healthcare,2021,2,Not started,,,,,,,,,,,,,,,,,,,,,
Takeda Farmacéutica Argentina,Healthcare,2022,0,In progress,,,,,,,,,,,,,,,,,,,,,
Takeda Farmacéutica Argentina,Healthcare,2022,10,Done,,,,,,,,,,,,,,,,,,,,,
TATA CONSULTANCY SERVICES ARGENTINA S.A,IT,2019,8,Done,,,,,,,,,,,,,,,,,,,,,
TATA CONSULTANCY SERVICES ARGENTINA S.A,IT,2017,4,In progress,,,,,,,,,,,,,,,,,,,,,
British American Tobacco (Austria) GmbH,,2020,3,In progress,,,,,,,,,,,,,,,,,,,,,
British American Tobacco (Austria) GmbH,,2021,5,Done,,,,,,,,,,,,,,,,,,,,,
Carcoustics Austria Ges.m.b.H.,Manufacturing,2022,4,Done,,,,,,,,,,,,,,,,,,,,,
Carcoustics Austria Ges.m.b.H.,Manufacturing,2022,4,Blocked,,,,,,,,,,,,,,,,,,,,,
Dimension Data Austria GmbH,,2019,3,Not started,,,,,,,,,,,,,,,,,,,,,
Dimension Data Austria GmbH,,2021,5,Blocked,,,,,,,,,,,,,,,,,,,,,
Hays Österreich GmbH,Professional Services,2022,3,Not started,,,,,,,,,,,,,,,,,,,,,
Hays Österreich GmbH,Professional Services,2022,4,Done,,,,,,,,,,,,,,,,,,,,,
ista Österreich GmbH,,2019,3,Not started,,,,,,,,,,,,,,,,,,,,,
ista Österreich GmbH,,2017,5,In progress,,,,,,,,,,,,,,,,,,,,,
JTI Austria,FMCG,2016,4,Done,,,,,,,,,,,,,,,,,,,,,
JTI Austria,FMCG,2014,4,Done,,,,,,,,,,,,,,,,,,,,,
Merck Sharp & Dohme Ges.m.b.H. Germany,Healthcare,2017,3,In progress,,,,,,,,,,,,,,,,,,,,,
Merck Sharp & Dohme Ges.m.b.H. Deutschland,Healthcare,2020,5,In progress,,,,,,,,,,,,,,,,,,,,,
Novartis Pharma GmbH Germany,Healthcare,2021,3,Done,,,,,,,,,,,,,,,,,,,,,
Novartis Pharma GmbH Deutschland,Healthcare,2022,3,Not started,,,,,,,,,,,,,,,,,,,,,
Saint-Gobain Österreich,Manufacturing,2022,4,In progress,,,,,,,,,,,,,,,,,,,,,
Saint-Gobain Österreich,Manufacturing,2019,4,Done,,,,,,,,,,,,,,,,,,,,,
Sandoz Commercial Operations Austria,Healthcare,2017,3,Done,,,,,,,,,,,,,,,,,,,,,
Sandoz Commercial Operations Austria,Healthcare,2020,5,In progress,,,,,,,,,,,,,,,,,,,,,
Santander Consumer Bank GmbH,Banking,2021,3,In progress,,,,,,,,,,,,,,,,,,,,,
Santander Consumer Bank GmbH,Banking,2022,10,Done,,,,,,,,,,,,,,,,,,,,,
Starbucks Coffee Austria GmbH,Food and Beverages,2022,8,Done,,,,,,,,,,,,,,,,,,,,,
Starbucks Coffee Austria GmbH,Food and Beverages,2019,4,Blocked,,,,,,,,,,,,,,,,,,,,,
British American Tobacco Australia,FMCG,2017,3,Not started,,,,,,,,,,,,,,,,,,,,,
Cognizant Technology Solutions Australia Pty. Ltd,,2017,4,Blocked,,,,,,,,,,,,,,,,,,,,,
DHL Express (Australia) Pty Ltd,Transport and Logistics,2020,3,Not started,,,,,,,,,,,,,,,,,,,,,
Dimension Data Australia,,2021,5,Done,,,,,,,,,,,,,,,,,,,,,
Orange Business Services Australia Pty Ltd,Telecommunications,2022,4,Not started,,,,,,,,,,,,,,,,,,,,,
Saint-Gobain Australia,,2022,4,In progress,,,,,,,,,,,,,,,,,,,,,
Sandoz Pty Ltd,Healthcare,2019,3,Done,,,,,,,,,,,,,,,,,,,,,
Sanofi Australia,Healthcare,2022,5,Done,,,,,,,,,,,,,,,,,,,,,
SAP Australia Pty Ltd.,IT,2021,3,In progress,,,,,,,,,,,,,,,,,,,,,
Takeda Healthcare Australia Pty Ltd,Healthcare,2022,3,In progress,,,,,,,,,,,,,,,,,,,,,
Tata Consultancy Services Ltd,IT,2022,4,Done,,,,,,,,,,,,,,,,,,,,,
JTI Azerbaijan,FMCG,2019,4,Not started,,,,,,,,,,,,,,,,,,,,,
JTI Azerbaijan,FMCG,2017,3,In progress,,,,,,,,,,,,,,,,,,,,,
PepsiCo Bosnia & Herzegovina,FMCG,2020,5,Done,,,,,,,,,,,,,,,,,,,,,
PepsiCo Bosnia & Herzegovina,FMCG,2021,3,Done,,,,,,,,,,,,,,,,,,,,,
DHL Barbados Ltd,Transport and Logistics,2022,4,In progress,,,,,,,,,,,,,,,,,,,,,
British American Tobacco Bangladesh,FMCG,2022,3,In progress,,,,,,,,,,,,,,,,,,,,,
AbbVie South Africa,Healthcare,2019,5,Done,,,,,,,,,,,,,,,,,,,,,
AbbVie South Africa,Healthcare,2017,4,Done,,,,,,,,,,,,,,,,,,,,,
Accenture Yemen,Professional Services,2017,4,Blocked,,,,,,,,,,,,,,,,,,,,,
Accenture Yemen,Professional Services,2020,3,Not started,,,,,,,,,,,,,,,,,,,,,
AG Professional Services,Professional Services,2021,5,Blocked,,,,,,,,,,,,,,,,,,,,,
AG Professional Services,Professional Services,2022,3,Not started,,,,,,,,,,,,,,,,,,,,,
Akka Benelux,IT,2022,3,Done,,,,,,,,,,,,,,,,,,,,,
Akka Benelux,IT,2019,4,Not started,,,,,,,,,,,,,,,,,,,,,
AS Watson Health & Beauty Benelux,Retail,2022,4,In progress,,,,,,,,,,,,,,,,,,,,,
AS Watson Health & Beauty Benelux,Retail,2019,3,Done,,,,,,,,,,,,,,,,,,,,,
AUDI BRUSSELS SA/NV,Automotive,2017,5,Done,,,,,,,,,,,,,,,,,,,,,
Audi Brussels,Automotive,2020,3,In progress,,,,,,,,,,,,,,,,,,,,,
Avanade Belgium,Professional Services,2021,10,In progress,,,,,,,,,,,,,,,,,,,,,
Avanade Belgium,Professional Services,2022,8,Done,,,,,,,,,,,,,,,,,,,,,
BAYER,Healthcare,2022,4,Not started,,,,,,,,,,,,,,,,,,,,,
Bayer,Healthcare,2019,3,Not started,,,,,,,,,,,,,,,,,,,,,
Beobank,Banking,2017,3,Done,,,,,,,,,,,,,,,,,,,,,
Beobank,Banking,2020,4,Not started,,,,,,,,,,,,,,,,,,,,,
BNP Paribas Fortis,Financial Services,2021,3,In progress,,,,,,,,,,,,,,,,,,,,,
BNP Paribas Fortis,Financial Services,2022,5,Done,,,,,,,,,,,,,,,,,,,,,
British American Tobacco Belgium N.V.,FMCG,2022,4,Done,,,,,,,,,,,,,,,,,,,,,
British American Tobacco Belgium N.V.,FMCG,2022,4,In progress,,,,,,,,,,,,,,,,,,,,,
Brouwerij Alken Maes,Food and Beverages,2022,3,In progress,,,,,,,,,,,,,,,,,,,,,
Brouwerij Alken Maes,Food and Beverages,2019,5,Done,,,,,,,,,,,,,,,,,,,,,
Business & Decision Belgium,Professional Services,2017,3,Not started,,,,,,,,,,,,,,,,,,,,,
Business & Decision Belgium,Professional Services,2020,3,In progress,,,,,,,,,,,,,,,,,,,,,
Capgemini Belgium NV/SA,Professional Services,2021,4,Done,,,,,,,,,,,,,,,,,,,,,
Capgemini Belgium,Professional Services,2022,4,Done,,,,,,,,,,,,,,,,,,,,,
Cegeka NV,Professional Services,2022,3,In progress,,,,,,,,,,,,,,,,,,,,,
Cegeka NV,Professional Services,2019,5,In progress,,,,,,,,,,,,,,,,,,,,,
CGI Belgium,IT,2017,3,Done,,,,,,,,,,,,,,,,,,,,,
CGI Belgium,IT,2017,10,Done,,,,,,,,,,,,,,,,,,,,,
CHEP Benelux NV,Transport and Logistics,2020,8,Blocked,,,,,,,,,,,,,,,,,,,,,
CHEP Benelux NV,Transport and Logistics,2021,4,Not started,,,,,,,,,,,,,,,,,,,,,
Cognizant Technology Solutions,Professional Services,2022,3,Blocked,,,,,,,,,,,,,,,,,,,,,
Cognizant Technology Solutions SA / NV,Professional Services,2022,3,Not started,,,,,,,,,,,,,,,,,,,,,
Compass Group BelgiLux,Professional Services,2019,4,Done,,,,,,,,,,,,,,,,,,,,,
Compass Group Belgium,Professional Services,2022,3,Not started,,,,,,,,,,,,,,,,,,,,,
Crelan,Banking,2019,5,In progress,,,,,,,,,,,,,,,,,,,,,
Crelan,Banking,2017,4,Done,,,,,,,,,,,,,,,,,,,,,
DEME,Transport and Logistics,2020,4,Done,,,,,,,,,,,,,,,,,,,,,
DEME,Transport and Logistics,2021,3,In progress,,,,,,,,,,,,,,,,,,,,,
Dimension Data,IT,2022,5,In progress,,,,,,,,,,,,,,,,,,,,,
Dimension Data,IT,2022,3,Done,,,,,,,,,,,,,,,,,,,,,
EDF Luminus,Energy,2019,3,Not started,,,,,,,,,,,,,,,,,,,,,
EDF Luminus,Energy,2017,4,In progress,,,,,,,,,,,,,,,,,,,,,
Elia,Energy,2020,4,Done,,,,,,,,,,,,,,,,,,,,,
Elia,Energy,2021,3,Done,,,,,,,,,,,,,,,,,,,,,
ERIKS,Manufacturing,2022,5,In progress,,,,,,,,,,,,,,,,,,,,,
Eriks,Manufacturing,2022,3,In progress,,,,,,,,,,,,,,,,,,,,,
Goodyear Dunlop Tires Belgium,,2019,10,Done,,,,,,,,,,,,,,,,,,,,,
Goodyear Dunlop Tires Belgium,,2021,8,Done,,,,,,,,,,,,,,,,,,,,,
Infosys Limited,IT,2022,4,Blocked,,,,,,,,,,,,,,,,,,,,,
Infosys Limited,IT,2022,3,Not started,,,,,,,,,,,,,,,,,,,,,
ING BELGIUM,Banking,2019,4,Blocked,,,,,,,,,,,,,,,,,,,,,
ING,Banking,2022,3,Not started,,,,,,,,,,,,,,,,,,,,,
JT International Company Netherlands B.V. -Belgian Branch,FMCG,2022,5,Done,,,,,,,,,,,,,,,,,,,,,
Japan Tobacco International,FMCG,2019,4,Not started,,,,,,,,,,,,,,,,,,,,,
KONE,Engineering,2017,4,In progress,,,,,,,,,,,,,,,,,,,,,
KONE Belgium NV,Engineering,2020,3,Done,,,,,,,,,,,,,,,,,,,,,
KPMG Netherlands,Financial Services,2021,5,Done,,,,,,,,,,,,,,,,,,,,,
KPMG Germany,Financial Services,2022,3,In progress,,,,,,,,,,,,,,,,,,,,,
KUEHNE + NAGEL Belgium,Transport and Logistics,2022,3,In progress,,,,,,,,,,,,,,,,,,,,,
KUEHNE + NAGEL Belgium,Transport and Logistics,2019,4,Done,,,,,,,,,,,,,,,,,,,,,
Lidl Belgium,Retail,2017,4,Not started,,,,,,,,,,,,,,,,,,,,,
Lidl Belgium,Retail,2017,3,In progress,,,,,,,,,,,,,,,,,,,,,
Nationale Lottery Netherlands,Public Sector,2020,5,Done,,,,,,,,,,,,,,,,,,,,,
Nationale Lottery France,Public Sector,2021,3,Done,,,,,,,,,,,,,,,,,,,,,
Makro Cash & Carry Belgium,Retail,2022,10,In progress,,,,,,,,,,,,,,,,,,,,,
Makro Cash & Carry Belgium,Retail,2022,8,In progress,,,,,,,,,,,,,,,,,,,,,
Merck Denmark,Healthcare,2019,4,Done,,,,,,,,,,,,,,,,,,,,,
Merck Belgium,Healthcare,2022,3,Done,,,,,,,,,,,,,,,,,,,,,
NN Belgium,Professional Services,2019,4,Blocked,,,,,,,,,,,,,,,,,,,,,
NN Group,Professional Services,2017,3,Not started,,,,,,,,,,,,,,,,,,,,,
Novartis,Healthcare,2020,5,Blocked,,,,,,,,,,,,,,,,,,,,,
Novartis,Healthcare,2021,4,Not started,,,,,,,,,,,,,,,,,,,,,
Orange Belgium NV/SA,Telecommunications,2022,4,Done,,,,,,,,,,,,,,,,,,,,,
Orange Belgium,Telecommunications,2022,3,Not started,,,,,,,,,,,,,,,,,,,,,
Ordina Belgium NV,IT,2019,5,In progress,,,,,,,,,,,,,,,,,,,,,
Ordina Belgium NV,IT,2017,3,Not started,,,,,,,,,,,,,,,,,,,,,
PageGroup,Professional Services,2020,3,Done,,,,,,,,,,,,,,,,,,,,,
PageGroup,Professional Services,2021,4,Not started,,,,,,,,,,,,,,,,,,,,,
PepsiCo Luxembourg,Food and Beverages,2022,4,In progress,,,,,,,,,,,,,,,,,,,,,
PepsiCo Belgium,Food and Beverages,2022,3,Done,,,,,,,,,,,,,,,,,,,,,
Philip Morris Benelux,FMCG,2019,5,Done,,,,,,,,,,,,,,,,,,,,,
Philip Morris Benelux,FMCG,2021,3,In progress,,,,,,,,,,,,,,,,,,,,,
Puratos,Food and Beverages,2022,4,In progress,,,,,,,,,,,,,,,,,,,,,
Puratos,Food and Beverages,2022,3,Done,,,,,,,,,,,,,,,,,,,,,
Randstad Group Belgium NV,Professional Services,2019,5,Not started,,,,,,,,,,,,,,,,,,,,,
Randstad Group Belgium NV,Professional Services,2017,4,In progress,,,,,,,,,,,,,,,,,,,,,
Retail Concepts nv,Retail,2016,4,Done,,,,,,,,,,,,,,,,,,,,,
Retail Concepts nv,Retail,2014,3,Done,,,,,,,,,,,,,,,,,,,,,
Saint-Gobain,,2017,5,In progress,,,,,,,,,,,,,,,,,,,,,
Saint-Gobain,,2017,3,In progress,,,,,,,,,,,,,,,,,,,,,
Sandoz nv/sa,Healthcare,2020,3,Done,,,,,,,,,,,,,,,,,,,,,
Sandoz NV,Healthcare,2021,4,Done,,,,,,,,,,,,,,,,,,,,,
Santander Consumer Finance Benelux B.V.,Financial Services,2022,4,Blocked,,,,,,,,,,,,,,,,,,,,,
Santander Consumer Finance,Financial Services,2022,3,Not started,,,,,,,,,,,,,,,,,,,,,
SAP BELGIUM SA/NV,IT,2019,5,Blocked,,,,,,,,,,,,,,,,,,,,,
NV SAP Belgium SA,IT,2021,3,Not started,,,,,,,,,,,,,,,,,,,,,
SAS Institute,IT,2022,10,Done,,,,,,,,,,,,,,,,,,,,,
SAS Institute,IT,2022,8,Not started,,,,,,,,,,,,,,,,,,,,,
Savencia Fromage & Dairy Benelux / Fromunion,Food and Beverages,2019,4,In progress,,,,,,,,,,,,,,,,,,,,,
Savencia Fromage & Dairy Benelux nv/sa,Food and Beverages,2022,3,Done,,,,,,,,,,,,,,,,,,,,,
Sibelga c.v.b.a.,Telecommunications,2022,3,Done,,,,,,,,,,,,,,,,,,,,,
Sibelga c.v.b.a.,Telecommunications,2019,4,In progress,,,,,,,,,,,,,,,,,,,,,
Smals,IT,2017,3,In progress,,,,,,,,,,,,,,,,,,,,,
Smals,IT,2020,5,Done,,,,,,,,,,,,,,,,,,,,,
Sogeti Belgium,IT,2021,4,Not started,,,,,,,,,,,,,,,,,,,,,
Sogeti nv,IT,2022,4,In progress,,,,,,,,,,,,,,,,,,,,,
SPIE Belgium,Engineering,2022,3,Done,,,,,,,,,,,,,,,,,,,,,
SPIE Belgium,Engineering,2019,5,Done,,,,,,,,,,,,,,,,,,,,,
STIB-MIVB,Telecommunications,2017,3,Not started,,,,,,,,,,,,,,,,,,,,,
STIB-MIVB,Telecommunications,2017,3,Done,,,,,,,,,,,,,,,,,,,,,
TATA Consultancy Services Belgium N.V.,IT,2020,4,Not started,,,,,,,,,,,,,,,,,,,,,
TATA Consultancy Services Belgium N.V.,IT,2021,4,In progress,,,,,,,,,,,,,,,,,,,,,
Umicore,Energy,2022,3,Done,,,,,,,,,,,,,,,,,,,,,
Umicore,Energy,2022,5,Done,,,,,,,,,,,,,,,,,,,,,
UZ Brussel,Healthcare,2019,3,In progress,,,,,,,,,,,,,,,,,,,,,
UZ Brussel,Healthcare,2022,10,In progress,,,,,,,,,,,,,,,,,,,,,
UZ Leuven,Healthcare,2019,8,Done,,,,,,,,,,,,,,,,,,,,,
Universitair Ziekenhuis Leuven,Healthcare,2017,4,Not started,,,,,,,,,,,,,,,,,,,,,
UZA,Healthcare,2020,3,In progress,,,,,,,,,,,,,,,,,,,,,
UZA,Healthcare,2021,3,Done,,,,,,,,,,,,,,,,,,,,,
VALEO,,2022,4,Done,,,,,,,,,,,,,,,,,,,,,
Valeo Vision,,2022,3,In progress,,,,,,,,,,,,,,,,,,,,,
Wolters Kluwer,Professional Services,2019,5,In progress,,,,,,,,,,,,,,,,,,,,,
Wolters Kluwer Belgium,Professional Services,2017,4,Done,,,,,,,,,,,,,,,,,,,,,
Orange Burkina Faso,Telecommunications,2020,4,Done,,,,,,,,,,,,,,,,,,,,,
Orange Burkina Faso,Telecommunications,2021,3,Blocked,,,,,,,,,,,,,,,,,,,,,
NN Professional Services Bulgaria,Professional Services,2022,5,Not started,,,,,,,,,,,,,,,,,,,,,
NN Professional Services Bulgaria,Professional Services,2022,3,Blocked,,,,,,,,,,,,,,,,,,,,,
Kaufland Bulgaria,Transport and Logistics,2019,3,Not started,,,,,,,,,,,,,,,,,,,,,
Kaufland Bulgaria,Transport and Logistics,2021,4,Done,,,,,,,,,,,,,,,,,,,,,
Experian Bulgaria EAD,Professional Services,2022,4,Not started,,,,,,,,,,,,,,,,,,,,,
Experian Bulgaria EAD,Professional Services,2022,3,In progress,,,,,,,,,,,,,,,,,,,,,
METRO Cash & Carry Bulgaria,Retail,2022,5,Done,,,,,,,,,,,,,,,,,,,,,
METRO Cash & Carry Bulgaria,Retail,2022,3,Done,,,,,,,,,,,,,,,,,,,,,
UniCredit Bulbank,Banking,2019,10,In progress,,,,,,,,,,,,,,,,,,,,,
UniCredit Bulbank,Banking,2017,8,In progress,,,,,,,,,,,,,,,,,,,,,
Philip Morris Bulgaria EOOD,,2020,3,Done,,,,,,,,,,,,,,,,,,,,,
Philip Morris Bulgaria EOOD,,2021,4,Not started,,,,,,,,,,,,,,,,,,,,,
Japan Tobacco International Bulgaria EOOD,FMCG,2022,3,In progress,,,,,,,,,,,,,,,,,,,,,
Japan Tobacco International Bulgaria EOOD,FMCG,2022,5,Done,,,,,,,,,,,,,,,,,,,,,
Infosys,IT,2019,4,Done,,,,,,,,,,,,,,,,,,,,,
Infosys,IT,2017,4,In progress,,,,,,,,,,,,,,,,,,,,,
AkzoNobel,Construction,2017,3,In progress,,,,,,,,,,,,,,,,,,,,,
AkzoNobel,Construction,2020,5,Done,,,,,,,,,,,,,,,,,,,,,
Amil,,2021,3,Done,,,,,,,,,,,,,,,,,,,,,
Amil,,2022,3,Not started,,,,,,,,,,,,,,,,,,,,,
Arcos Dourados,Food and Beverages,2022,4,Done,,,,,,,,,,,,,,,,,,,,,
Arcos Dourados,Food and Beverages,2019,4,Not started,,,,,,,,,,,,,,,,,,,,,
Atento Brasil,Telecommunications,2022,3,In progress,,,,,,,,,,,,,,,,,,,,,
Atento Brasil,Telecommunications,2019,5,Done,,,,,,,,,,,,,,,,,,,,,
Autoneum Brasil,Automotive,2017,3,Done,,,,,,,,,,,,,,,,,,,,,
Autoneum Brasil,Automotive,2020,10,In progress,,,,,,,,,,,,,,,,,,,,,
B3,,2021,8,In progress,,,,,,,,,,,,,,,,,,,,,
B3,,2022,4,Done,,,,,,,,,,,,,,,,,,,,,
BANCO DO BRASIL S.A.,Banking,2022,3,Not started,,,,,,,,,,,,,,,,,,,,,
BANCO DO BRASIL S.A.,Banking,2019,4,In progress,,,,,,,,,,,,,,,,,,,,,
Baxter,Healthcare,2017,3,Done,,,,,,,,,,,,,,,,,,,,,
Baxter,Healthcare,2020,5,Done,,,,,,,,,,,,,,,,,,,,,
Boehringer Ingelheim do Brasil,Healthcare,2021,4,In progress,,,,,,,,,,,,,,,,,,,,,
Boehringer Ingelheim do Brasil,Healthcare,2022,4,In progress,,,,,,,,,,,,,,,,,,,,,
CCB China Construction Bank,Banking,2022,3,Done,,,,,,,,,,,,,,,,,,,,,
CCB China Construction Bank,Banking,2019,5,Done,,,,,,,,,,,,,,,,,,,,,
Chiesi,Healthcare,2021,3,Blocked,,,,,,,,,,,,,,,,,,,,,
Chiesi,Healthcare,2022,3,Not started,,,,,,,,,,,,,,,,,,,,,
Cognizant,Professional Services,2022,4,Blocked,,,,,,,,,,,,,,,,,,,,,
Cognizant,Professional Services,2019,4,Not started,,,,,,,,,,,,,,,,,,,,,
Conductor,,2017,3,Done,,,,,,,,,,,,,,,,,,,,,
Conductor,,2016,5,Not started,,,,,,,,,,,,,,,,,,,,,
Corbion,Chemicals,2014,3,In progress,,,,,,,,,,,,,,,,,,,,,
Corbion,Chemicals,2017,4,Done,,,,,,,,,,,,,,,,,,,,,
Deloitte.,Professional Services,2017,3,Done,,,,,,,,,,,,,,,,,,,,,
Deloitte.,Professional Services,2020,5,In progress,,,,,,,,,,,,,,,,,,,,,
DHL Express Brazil,Transport and Logistics,2021,4,In progress,,,,,,,,,,,,,,,,,,,,,
DHL Express Brazil,Transport and Logistics,2022,4,Done,,,,,,,,,,,,,,,,,,,,,
DHL Global Forwarding Brazil,Transport and Logistics,2022,3,Not started,,,,,,,,,,,,,,,,,,,,,
DHL Global Forwarding Brazil,Transport and Logistics,2019,5,In progress,,,,,,,,,,,,,,,,,,,,,
DHL Supply Chain Brasil,Healthcare,2021,3,Done,,,,,,,,,,,,,,,,,,,,,
DHL Supply Chain Brasil,Healthcare,2022,3,Done,,,,,,,,,,,,,,,,,,,,,
dimension data,IT,2022,4,In progress,,,,,,,,,,,,,,,,,,,,,
dimension data,IT,2019,4,Not started,,,,,,,,,,,,,,,,,,,,,
Enel Brasil,,2017,3,Done,,,,,,,,,,,,,,,,,,,,,
Enel Brasil,,2016,5,Not started,,,,,,,,,,,,,,,,,,,,,
everis Brasil,Professional Services,2022,3,In progress,,,,,,,,,,,,,,,,,,,,,
everis Brasil,Professional Services,2022,10,Done,,,,,,,,,,,,,,,,,,,,,
JTI Brasil,Manufacturing,2019,8,Done,,,,,,,,,,,,,,,,,,,,,
JTI Processadora de Tabaco do Brasil Ltda,Manufacturing,2017,4,In progress,,,,,,,,,,,,,,,,,,,,,
Merck,Healthcare,2020,3,In progress,,,,,,,,,,,,,,,,,,,,,
Merck,Healthcare,2021,3,Done,,,,,,,,,,,,,,,,,,,,,
Naturgy,Energy,2022,4,Not started,,,,,,,,,,,,,,,,,,,,,
Gas Natural Fenosa Brasil,Energy,2022,3,In progress,,,,,,,,,,,,,,,,,,,,,
Orange Business Services,Telecommunications,2019,5,Done,,,,,,,,,,,,,,,,,,,,,
Orange Business Services,Telecommunications,2017,4,Done,,,,,,,,,,,,,,,,,,,,,
PHILIP MORRIS BRASIL,FMCG,2017,4,In progress,,,,,,,,,,,,,,,,,,,,,
PHILIP MORRIS BRASIL,FMCG,2020,3,In progress,,,,,,,,,,,,,,,,,,,,,
Reed Exhibitions Alcantara Machado,Media and Advertising,2021,5,Done,,,,,,,,,,,,,,,,,,,,,
Reed Exhibitions Alcantara Machado,Media and Advertising,2022,3,Done,,,,,,,,,,,,,,,,,,,,,
Roche Diabetes Care Brasil,Healthcare,2022,3,Blocked,,,,,,,,,,,,,,,,,,,,,
Roche Diabetes Care Brasil,Healthcare,2019,4,Not started,,,,,,,,,,,,,,,,,,,,,
Saint-Gobain,Retail,2022,4,Blocked,,,,,,,,,,,,,,,,,,,,,
Saint-Gobain,Retail,2019,3,Not started,,,,,,,,,,,,,,,,,,,,,
Sandoz Brazil,,2017,5,Done,,,,,,,,,,,,,,,,,,,,,
Sandoz Brazil,,2020,3,Not started,,,,,,,,,,,,,,,,,,,,,
Sanofi Brazil,Healthcare,2021,10,In progress,,,,,,,,,,,,,,,,,,,,,
SANOFI,Healthcare,2022,8,Done,,,,,,,,,,,,,,,,,,,,,
SAP Brasil,IT,2022,4,Done,,,,,,,,,,,,,,,,,,,,,
SAP Brasil,IT,2019,3,In progress,,,,,,,,,,,,,,,,,,,,,
SAS INSTITUTE BRASIL,Retail,2017,3,In progress,,,,,,,,,,,,,,,,,,,,,
SAS INSTITUTE BRASIL,Retail,2020,4,Done,,,,,,,,,,,,,,,,,,,,,
Souza Cruz,FMCG,2021,3,Not started,,,,,,,,,,,,,,,,,,,,,
Souza Cruz,FMCG,2022,5,In progress,,,,,,,,,,,,,,,,,,,,,
Takeda Farmacêutica,Healthcare,2022,4,Done,,,,,,,,,,,,,,,,,,,,,
Takeda Brasil,Healthcare,2019,4,Done,,,,,,,,,,,,,,,,,,,,,
Tata Consultancy Services,IT,2021,3,In progress,,,,,,,,,,,,,,,,,,,,,
Tata Consultancy Services,IT,2022,5,In progress,,,,,,,,,,,,,,,,,,,,,
Valeo Sistemas Automotivos,Automotive,2022,3,Done,,,,,,,,,,,,,,,,,,,,,
Valeo Sistemas Automotivos,Automotive,2019,3,Done,,,,,,,,,,,,,,,,,,,,,
Volkswagen do Brasil,,2017,4,Blocked,,,,,,,,,,,,,,,,,,,,,
Volkswagen do Brasil,,2016,4,Not started,,,,,,,,,,,,,,,,,,,,,
Hollard Botswana,,2014,3,Done,,,,,,,,,,,,,,,,,,,,,
DHL International Botswana (Pty) Ltd.,Transport and Logistics,2017,5,Not started,,,,,,,,,,,,,,,,,,,,,
Japan Tobacco International S&D FLLC,FMCG,2022,3,In progress,,,,,,,,,,,,,,,,,,,,,
Japan Tobacco International S&D FLLC,FMCG,2022,10,Done,,,,,,,,,,,,,,,,,,,,,
DHL Supply Chain Canada,Transport and Logistics,2019,8,Done,,,,,,,,,,,,,,,,,,,,,
DHL Supply Chain Canada,Transport and Logistics,2017,4,In progress,,,,,,,,,,,,,,,,,,,,,
Volkswagen Group Canada Inc.,Automotive,2020,3,In progress,,,,,,,,,,,,,,,,,,,,,
Volkswagen Canada,Automotive,2021,2,Done,,,,,,,,,,,,,,,,,,,,,
Sandoz Canada,Healthcare,2022,0,Not started,,,,,,,,,,,,,,,,,,,,,
Sandoz Canada,Healthcare,2022,0,In progress,,,,,,,,,,,,,,,,,,,,,
Valeo,,2019,3,Done,,,,,,,,,,,,,,,,,,,,,
Valeo,,2017,4,Done,,,,,,,,,,,,,,,,,,,,,
Dow Chemical Canada ULC,,2017,3,In progress,,,,,,,,,,,,,,,,,,,,,
Dow Chemical Canada ULC,,2020,5,In progress,,,,,,,,,,,,,,,,,,,,,
Takeda Canada Inc.,Healthcare,2021,4,Done,,,,,,,,,,,,,,,,,,,,,
Takeda Canada Inc.,Healthcare,2022,4,Done,,,,,,,,,,,,,,,,,,,,,
"Rothmans, Benson & Hedges Inc.",Manufacturing,2022,3,Blocked,,,,,,,,,,,,,,,,,,,,,
"Rothmans, Benson & Hedges Inc.",Manufacturing,2019,5,Not started,,,,,,,,,,,,,,,,,,,,,
JTI-Macdonald Corp.,Manufacturing,2022,3,Blocked,,,,,,,,,,,,,,,,,,,,,
JTI-Macdonald Corp.,Manufacturing,2019,3,Not started,,,,,,,,,,,,,,,,,,,,,
SAP Canada,IT,2017,4,Done,,,,,,,,,,,,,,,,,,,,,
SAP Canada,IT,2020,4,Not started,,,,,,,,,,,,,,,,,,,,,
"EMD Serono and Millipore Sigma, businesses of Merck, KGaA, Darmstadt, Germany",Healthcare,2021,3,In progress,,,,,,,,,,,,,,,,,,,,,
"EMD Serono and Millipore Sigma, businesses of Merck, KGaA, Darmstadt, Germany",Healthcare,2022,5,Done,,,,,,,,,,,,,,,,,,,,,
DHL Express (Canada) Ltd.,Transport and Logistics,2022,3,Done,,,,,,,,,,,,,,,,,,,,,
DHL Express (Canada) Ltd.,Transport and Logistics,2019,10,In progress,,,,,,,,,,,,,,,,,,,,,
Saint-Gobain Canada,Manufacturing,2017,8,In progress,,,,,,,,,,,,,,,,,,,,,
Saint-Gobain Canada,Manufacturing,2020,4,Done,,,,,,,,,,,,,,,,,,,,,
Orange Business Services Canada,Telecommunications,2021,3,Not started,,,,,,,,,,,,,,,,,,,,,
Orange Business Services Canada,Telecommunications,2022,4,In progress,,,,,,,,,,,,,,,,,,,,,
CGI Canada,IT,2022,3,Done,,,,,,,,,,,,,,,,,,,,,
CGI Canada,IT,2019,5,Done,,,,,,,,,,,,,,,,,,,,,
Tata Consultancy Services Canada Inc,IT,2021,4,In progress,,,,,,,,,,,,,,,,,,,,,
Tata Consultancy Services Canada Inc,IT,2022,4,In progress,,,,,,,,,,,,,,,,,,,,,
Dimension Data Canada,IT,2022,3,Done,,,,,,,,,,,,,,,,,,,,,
Dimension Data Canada,IT,2019,5,Done,,,,,,,,,,,,,,,,,,,,,
Orange RDC,Telecommunications,2017,3,Blocked,,,,,,,,,,,,,,,,,,,,,
Orange RDC,Telecommunications,2016,3,Not started,,,,,,,,,,,,,,,,,,,,,
DHL Congo SARL,Transport and Logistics,2014,4,Done,,,,,,,,,,,,,,,,,,,,,
DHL Congo SARL,Transport and Logistics,2017,4,Not started,,,,,,,,,,,,,,,,,,,,,
Vodacom Congo (RDC) SA,Telecommunications,2017,3,In progress,,,,,,,,,,,,,,,,,,,,,
Vodacom Congo (RDC) SA,Telecommunications,2020,5,Done,,,,,,,,,,,,,,,,,,,,,
Alcon Management SA,Healthcare,2021,3,Done,,,,,,,,,,,,,,,,,,,,,
Alcon Management SA,Healthcare,2022,4,In progress,,,,,,,,,,,,,,,,,,,,,
Bouygues Construction,Real Estate,2022,3,In progress,,,,,,,,,,,,,,,,,,,,,
Bouygues Construction,Real Estate,2019,5,Done,,,,,,,,,,,,,,,,,,,,,
British American Tobacco Switzerland SA,FMCG,2021,4,Not started,,,,,,,,,,,,,,,,,,,,,
British American Tobacco Switzerland SA,FMCG,2022,4,In progress,,,,,,,,,,,,,,,,,,,,,
Canon (Schweiz) AG,IT,2022,3,Done,,,,,,,,,,,,,,,,,,,,,
Canon (Schweiz) AG,IT,2022,5,Done,,,,,,,,,,,,,,,,,,,,,
Capri Sun Group Holding AG,Food and Beverages,2019,3,In progress,,,,,,,,,,,,,,,,,,,,,
Capri Sun Group Holding AG,Food and Beverages,2017,3,In progress,,,,,,,,,,,,,,,,,,,,,
Cognizant Technology Solutions AG,Professional Services,2020,4,Done,,,,,,,,,,,,,,,,,,,,,
Cognizant Technology Solutions AG,Professional Services,2021,4,Done,,,,,,,,,,,,,,,,,,,,,
Dentsply Sirona Switzerland,Healthcare,2022,3,Blocked,,,,,,,,,,,,,,,,,,,,,
Dentsply Sirona Switzerland,Healthcare,2022,5,Not started,,,,,,,,,,,,,,,,,,,,,
Detecon (Schweiz) AG,Professional Services,2019,3,Blocked,,,,,,,,,,,,,,,,,,,,,
Detecon (Schweiz) AG,Professional Services,2017,10,Not started,,,,,,,,,,,,,,,,,,,,,
Dimension Data SA (Switzerland),Telecommunications,2017,8,Done,,,,,,,,,,,,,,,,,,,,,
Dimension Data SA (Switzerland),Telecommunications,2020,4,Not started,,,,,,,,,,,,,,,,,,,,,
Dow Europe GmbH,Manufacturing,2021,3,In progress,,,,,,,,,,,,,,,,,,,,,
Dow Europe GmbH,Manufacturing,2022,3,Done,,,,,,,,,,,,,,,,,,,,,
Hays (Schweiz) AG,Professional Services,2022,4,Done,,,,,,,,,,,,,,,,,,,,,
Hays (Schweiz) AG,Professional Services,2019,3,In progress,,,,,,,,,,,,,,,,,,,,,
Infosys,IT,2022,5,In progress,,,,,,,,,,,,,,,,,,,,,
Infosys,IT,2019,4,Done,,,,,,,,,,,,,,,,,,,,,
Swiss AG,Banking,2017,4,Not started,,,,,,,,,,,,,,,,,,,,,
Swiss AG,Banking,2020,3,In progress,,,,,,,,,,,,,,,,,,,,,
JT International AG Dagmersellen,FMCG,2021,3,Done,,,,,,,,,,,,,,,,,,,,,
JT International AG Dagmersellen,FMCG,2022,4,Done,,,,,,,,,,,,,,,,,,,,,
JT International S.A.,FMCG,2022,3,In progress,,,,,,,,,,,,,,,,,,,,,
JT International SA,FMCG,2019,5,In progress,,,,,,,,,,,,,,,,,,,,,
KPMG Schweiz AG,Professional Services,2017,4,Done,,,,,,,,,,,,,,,,,,,,,
KPMG Schweiz AG,Professional Services,2020,4,Done,,,,,,,,,,,,,,,,,,,,,
Merck,Healthcare,2021,3,Blocked,,,,,,,,,,,,,,,,,,,,,
Merck,Healthcare,2022,5,Not started,,,,,,,,,,,,,,,,,,,,,
MSD,Healthcare,2022,3,Blocked,,,,,,,,,,,,,,,,,,,,,
MSD,Healthcare,2019,3,Not started,,,,,,,,,,,,,,,,,,,,,
PageGroup Switzerland,Professional Services,2021,4,Done,,,,,,,,,,,,,,,,,,,,,
PageGroup Switzerland,Professional Services,2022,4,Not started,,,,,,,,,,,,,,,,,,,,,
Philip Morris International,FMCG,2022,3,In progress,,,,,,,,,,,,,,,,,,,,,
Philip Morris International Management SA,FMCG,2019,5,Done,,,,,,,,,,,,,,,,,,,,,
Sandoz Healthcare AG,Healthcare,2017,3,Done,,,,,,,,,,,,,,,,,,,,,
Sandoz Healthcare AG,Healthcare,2016,10,In progress,,,,,,,,,,,,,,,,,,,,,
SAP Schweiz,IT,2014,8,In progress,,,,,,,,,,,,,,,,,,,,,
SAP Schweiz,IT,2017,4,Done,,,,,,,,,,,,,,,,,,,,,
Schutz & Rettung Zürich,Public Sector,2017,3,Not started,,,,,,,,,,,,,,,,,,,,,
Schutz & Rettung Zürich,Public Sector,2020,4,In progress,,,,,,,,,,,,,,,,,,,,,
Starbucks Coffee Switzerland GmbH,Food and Beverages,2021,3,Done,,,,,,,,,,,,,,,,,,,,,
Starbucks Coffee Switzerland AG,Food and Beverages,2022,5,Done,,,,,,,,,,,,,,,,,,,,,
Swiss Life Select Schweiz AG,Professional Services,2022,4,In progress,,,,,,,,,,,,,,,,,,,,,
Swiss Life Select Schweiz AG,Professional Services,2019,4,In progress,,,,,,,,,,,,,,,,,,,,,
Takeda Healthcare International AG,,2021,3,Done,,,,,,,,,,,,,,,,,,,,,
Takeda Healthcare International AG,,2022,5,Done,,,,,,,,,,,,,,,,,,,,,
Tata Consultancy Services Switzerland Ltd,Professional Services,2022,3,Blocked,,,,,,,,,,,,,,,,,,,,,
Tata Consultancy Services Switzerland Ltd,Professional Services,2019,3,Not started,,,,,,,,,,,,,,,,,,,,,
"Novartis Pharma Services AG, Bureau de Représentation Côte d’Ivoire",,2017,4,Blocked,,,,,,,,,,,,,,,,,,,,,
"Novartis Pharma Services AG, Bureau de Représentation Côte d’Ivoire",,2016,4,Not started,,,,,,,,,,,,,,,,,,,,,
DHL International Côte d’Ivoire,,2022,3,Done,,,,,,,,,,,,,,,,,,,,,
DHL International Côte d’Ivoire,,2019,5,Not started,,,,,,,,,,,,,,,,,,,,,
Orange Côte d’Ivoire,Telecommunications,2017,3,In progress,,,,,,,,,,,,,,,,,,,,,
Orange Côte d’Ivoire,Telecommunications,2020,4,Done,,,,,,,,,,,,,,,,,,,,,
Goodyear Chile,,2021,3,Done,,,,,,,,,,,,,,,,,,,,,
Goodyear Chile,,2022,5,In progress,,,,,,,,,,,,,,,,,,,,,
Banco Santander Chile,Professional Services,2022,4,In progress,,,,,,,,,,,,,,,,,,,,,
Banco Santander Chile,Professional Services,2019,4,Done,,,,,,,,,,,,,,,,,,,,,
British American Tobacco Chile,FMCG,2021,3,Not started,,,,,,,,,,,,,,,,,,,,,
British American Tobacco Chile,FMCG,2022,5,In progress,,,,,,,,,,,,,,,,,,,,,
Merck,Healthcare,2022,3,Done,,,,,,,,,,,,,,,,,,,,,
Merck,Healthcare,2019,3,Done,,,,,,,,,,,,,,,,,,,,,
Tata Consultancy Services Chile S.A.,IT,2017,3,In progress,,,,,,,,,,,,,,,,,,,,,
Tata Consultancy Services Chile S.A.,IT,2016,4,In progress,,,,,,,,,,,,,,,,,,,,,
Dimension Data Chile,Telecommunications,2014,3,Done,,,,,,,,,,,,,,,,,,,,,
Dimension Data Chile,Telecommunications,2022,5,Done,,,,,,,,,,,,,,,,,,,,,
DHL International Cameroon,Transport and Logistics,2019,4,Blocked,,,,,,,,,,,,,,,,,,,,,
DHL International Cameroon,Transport and Logistics,2017,4,Not started,,,,,,,,,,,,,,,,,,,,,
Orange Cameroun SA,Telecommunications,2020,3,Blocked,,,,,,,,,,,,,,,,,,,,,
Orange Cameroun SA,Telecommunications,2021,5,Done,,,,,,,,,,,,,,,,,,,,,
Abbott China,Healthcare,2022,3,Done,,,,,,,,,,,,,,,,,,,,,
Abbott China,Healthcare,2022,3,In progress,,,,,,,,,,,,,,,,,,,,,
AbbVie China,Healthcare,2019,4,In progress,,,,,,,,,,,,,,,,,,,,,
AbbVie China,Healthcare,2021,4,Done,,,,,,,,,,,,,,,,,,,,,
adidas China,Retail,2022,3,Done,,,,,,,,,,,,,,,,,,,,,
adidas China,Retail,2022,5,Blocked,,,,,,,,,,,,,,,,,,,,,
AIA China,Financial Services,2019,3,Not started,,,,,,,,,,,,,,,,,,,,,
AIA China,Financial Services,2017,10,Blocked,,,,,,,,,,,,,,,,,,,,,
"AkzoNobel (China) Investment Co., Ltd.",Chemicals,2016,8,Not started,,,,,,,,,,,,,,,,,,,,,
"AkzoNobel (China) Investment Co., Ltd.",Chemicals,2014,4,Done,,,,,,,,,,,,,,,,,,,,,
"Amway (China) Co., Limited",FMCG,2017,3,Not started,,,,,,,,,,,,,,,,,,,,,
"Amway (China) Co., Limited",FMCG,2022,4,In progress,,,,,,,,,,,,,,,,,,,,,
AstraZeneca China,Healthcare,2022,3,Done,,,,,,,,,,,,,,,,,,,,,
AstraZeneca China,Healthcare,2019,5,Done,,,,,,,,,,,,,,,,,,,,,
Autoliv China,Automotive,2017,4,In progress,,,,,,,,,,,,,,,,,,,,,
Autoliv China,Automotive,2020,4,In progress,,,,,,,,,,,,,,,,,,,,,
B. Braun China,Healthcare,2021,3,Done,,,,,,,,,,,,,,,,,,,,,
B. Braun China,Healthcare,2022,5,Not started,,,,,,,,,,,,,,,,,,,,,
BASF,Chemicals,2022,3,In progress,,,,,,,,,,,,,,,,,,,,,
BASF,Chemicals,2019,3,Done,,,,,,,,,,,,,,,,,,,,,
Bayer China,Healthcare,2017,4,Done,,,,,,,,,,,,,,,,,,,,,
Bayer China,Healthcare,2017,4,In progress,,,,,,,,,,,,,,,,,,,,,
BD China,Healthcare,2020,3,In progress,,,,,,,,,,,,,,,,,,,,,
BD China,Healthcare,2021,5,Done,,,,,,,,,,,,,,,,,,,,,
bioMérieux (Shanghai) Company Limited,Healthcare,2022,3,Done,,,,,,,,,,,,,,,,,,,,,
Biomérieux (Shanghai) Limited Company,Healthcare,2022,4,Blocked,,,,,,,,,,,,,,,,,,,,,
Boehringer Ingelheim China,Healthcare,2019,3,Not started,,,,,,,,,,,,,,,,,,,,,
Boehringer Ingelheim China,Healthcare,2022,5,Done,,,,,,,,,,,,,,,,,,,,,
BorgWarner China,Automotive,2019,4,Not started,,,,,,,,,,,,,,,,,,,,,
BorgWarner China,Automotive,2017,4,In progress,,,,,,,,,,,,,,,,,,,,,
Bosch China,Automotive,2020,3,Done,,,,,,,,,,,,,,,,,,,,,
Bosch China,Automotive,2021,5,Done,,,,,,,,,,,,,,,,,,,,,
Brose China,Automotive,2022,3,In progress,,,,,,,,,,,,,,,,,,,,,
Brose China,Automotive,2022,3,In progress,,,,,,,,,,,,,,,,,,,,,
"BSC International Medical Trading (Shanghai) Co.,Ltd.",Healthcare,2019,4,Done,,,,,,,,,,,,,,,,,,,,,
"BSC International Medical Trading (Shanghai) Co.,Ltd.",Healthcare,2017,4,Done,,,,,,,,,,,,,,,,,,,,,
BSH China,Manufacturing,2020,3,In progress,,,,,,,,,,,,,,,,,,,,,
BSH China,Manufacturing,2021,5,In progress,,,,,,,,,,,,,,,,,,,,,
"Chery Jaguar LandRover Automotive Co., Ltd.",Automotive,2022,3,Done,,,,,,,,,,,,,,,,,,,,,
"Chery Jaguar LandRover Automotive Co., Ltd.",Automotive,2022,10,Done,,,,,,,,,,,,,,,,,,,,,
Coca-Cola China,Food and Beverages,2019,8,Blocked,,,,,,,,,,,,,,,,,,,,,
Coca-Cola China,Food and Beverages,2021,4,Not started,,,,,,,,,,,,,,,,,,,,,
Corning China,Telecommunications,2022,3,Blocked,,,,,,,,,,,,,,,,,,,,,
Corning China,Telecommunications,2022,3,Not started,,,,,,,,,,,,,,,,,,,,,
Covestro China,Manufacturing,2019,4,Done,,,,,,,,,,,,,,,,,,,,,
Covestro China,Manufacturing,2017,3,Not started,,,,,,,,,,,,,,,,,,,,,
Danone China,Healthcare,2016,5,In progress,,,,,,,,,,,,,,,,,,,,,
Danone China,Healthcare,2014,4,Done,,,,,,,,,,,,,,,,,,,,,
Danone Early Life Nutrition,Retail,2017,3,Done,,,,,,,,,,,,,,,,,,,,,
Danone Nutricia Early Life Nutrition,Retail,2017,4,In progress,,,,,,,,,,,,,,,,,,,,,
Deloitte China,Professional Services,2020,3,In progress,,,,,,,,,,,,,,,,,,,,,
Deloitte China,Professional Services,2021,5,Done,,,,,,,,,,,,,,,,,,,,,
Delphi Technologies China,Engineering,2022,4,Not started,,,,,,,,,,,,,,,,,,,,,
Delphi Technologies China,Engineering,2022,4,In progress,,,,,,,,,,,,,,,,,,,,,
DHL Supply Chain China,Transport and Logistics,2019,3,Done,,,,,,,,,,,,,,,,,,,,,
DHL Supply Chain China,Transport and Logistics,2021,5,Done,,,,,,,,,,,,,,,,,,,,,
DHL-Sinotrans International Air Courier Ltd.,Transport and Logistics,2022,3,In progress,,,,,,,,,,,,,,,,,,,,,
DHL-Sinotrans International Air Courier Ltd.,Transport and Logistics,2022,3,In progress,,,,,,,,,,,,,,,,,,,,,
Dimension Data China,IT,2022,4,Done,,,,,,,,,,,,,,,,,,,,,
Dimension Data China,IT,2019,4,Done,,,,,,,,,,,,,,,,,,,,,
"Dow Chemical (China) Investment Co., Ltd.",Chemicals,2017,3,Blocked,,,,,,,,,,,,,,,,,,,,,
"Dow Chemical (China) Investment Co., Ltd.",Chemicals,2020,5,Not started,,,,,,,,,,,,,,,,,,,,,
Eli Lilly and Company,Healthcare,2021,3,Done,,,,,,,,,,,,,,,,,,,,,
Eli Lilly and Company,Healthcare,2022,10,Not started,,,,,,,,,,,,,,,,,,,,,
Estee Lauder China,Retail,2022,8,In progress,,,,,,,,,,,,,,,,,,,,,
Estee Lauder China,Retail,2019,4,Done,,,,,,,,,,,,,,,,,,,,,
Evonik Industries,Chemicals,2017,3,Done,,,,,,,,,,,,,,,,,,,,,
Evonik Industries,Chemicals,2017,4,In progress,,,,,,,,,,,,,,,,,,,,,
Faurecia China,Automotive,2020,3,In progress,,,,,,,,,,,,,,,,,,,,,
Faurecia China,Automotive,2021,5,Done,,,,,,,,,,,,,,,,,,,,,
"FAW-Volkswagen Automotive Co., Ltd.",Automotive,2022,4,Not started,,,,,,,,,,,,,,,,,,,,,
"FAW-Volkswagen Automotive Co., Ltd.",Automotive,2022,4,In progress,,,,,,,,,,,,,,,,,,,,,
FMC China,Chemicals,2019,3,Done,,,,,,,,,,,,,,,,,,,,,
FMC China,Chemicals,2022,5,Done,,,,,,,,,,,,,,,,,,,,,
General Mills China,,2019,3,In progress,,,,,,,,,,,,,,,,,,,,,
General Mills China,,2017,3,In progress,,,,,,,,,,,,,,,,,,,,,
General Motors China,Automotive,2020,4,Done,,,,,,,,,,,,,,,,,,,,,
General Motors China,Automotive,2021,4,Done,,,,,,,,,,,,,,,,,,,,,
Goodyear China,Manufacturing,2022,3,Blocked,,,,,,,,,,,,,,,,,,,,,
Goodyear China,Manufacturing,2022,5,Not started,,,,,,,,,,,,,,,,,,,,,
Henkel China,Manufacturing,2019,3,Blocked,,,,,,,,,,,,,,,,,,,,,
Henkel China,Manufacturing,2017,4,Not started,,,,,,,,,,,,,,,,,,,,,
Infinitus (China) Company Ltd.,Retail,2020,3,Done,,,,,,,,,,,,,,,,,,,,,
Infinitus (China) Company Ltd.,Retail,2021,5,Done,,,,,,,,,,,,,,,,,,,,,
InterContinental Hotels Group,Professional Services,2022,4,Done,,,,,,,,,,,,,,,,,,,,,
InterContinental Hotels Group,Professional Services,2022,4,In progress,,,,,,,,,,,,,,,,,,,,,
"Johnson Controls (China) Investment Co., Ltd.",Manufacturing,2022,3,In progress,,,,,,,,,,,,,,,,,,,,,
"Johnson Controls (China) Investment Co., Ltd.",Manufacturing,2019,5,Done,,,,,,,,,,,,,,,,,,,,,
KPMG China,Professional Services,2017,3,Done,,,,,,,,,,,,,,,,,,,,,
KPMG China,Professional Services,2020,3,Blocked,,,,,,,,,,,,,,,,,,,,,
LANXESS Chemical Greater China,Chemicals,2021,4,Not started,,,,,,,,,,,,,,,,,,,,,
LANXESS Chemical Greater China,Chemicals,2022,4,Blocked,,,,,,,,,,,,,,,,,,,,,
"M (China) Co., Ltd.",Food and Beverages,2022,3,Not started,,,,,,,,,,,,,,,,,,,,,
"M (China) Co., Ltd.",Food and Beverages,2019,5,Done,,,,,,,,,,,,,,,,,,,,,
"Marriott International, Inc.",Professional Services,2021,3,Not started,,,,,,,,,,,,,,,,,,,,,
"Marriott International, Inc.",Professional Services,2022,10,In progress,,,,,,,,,,,,,,,,,,,,,
Merck,Healthcare,2022,8,Done,,,,,,,,,,,,,,,,,,,,,
Merck,Healthcare,2019,4,Done,,,,,,,,,,,,,,,,,,,,,
Nestlé China,Healthcare,2017,3,In progress,,,,,,,,,,,,,,,,,,,,,
Nestle China,Healthcare,2016,3,In progress,,,,,,,,,,,,,,,,,,,,,
Nike Inc. Greater China,FMCG,2014,4,Done,,,,,,,,,,,,,,,,,,,,,
"Nike Sports (China) Co., Ltd.",FMCG,2017,3,Not started,,,,,,,,,,,,,,,,,,,,,
Novartis Group (China),Healthcare,2022,5,In progress,,,,,,,,,,,,,,,,,,,,,
Novartis Group (China),Healthcare,2022,4,Done,,,,,,,,,,,,,,,,,,,,,
Orange Business Services,Telecommunications,2019,4,Done,,,,,,,,,,,,,,,,,,,,,
Orange Business Services,Telecommunications,2017,3,In progress,,,,,,,,,,,,,,,,,,,,,
OSRAM China,Electronics,2020,5,In progress,,,,,,,,,,,,,,,,,,,,,
Osram China,Electronics,2021,3,Done,,,,,,,,,,,,,,,,,,,,,
Pfizer China,Healthcare,2022,3,Done,,,,,,,,,,,,,,,,,,,,,
Pfizer China,Healthcare,2022,4,Blocked,,,,,,,,,,,,,,,,,,,,,
Roche Diagnostics (Shanghai) Limited,Healthcare,2019,4,Not started,,,,,,,,,,,,,,,,,,,,,
Roche Diagnostics (Shanghai) Limited,Healthcare,2017,3,Done,,,,,,,,,,,,,,,,,,,,,
Roquette China,Chemicals,2017,5,Not started,,,,,,,,,,,,,,,,,,,,,
Roquette China,Chemicals,2020,3,In progress,,,,,,,,,,,,,,,,,,,,,
Royal FrieslandCampina,Food and Beverages,2021,10,Done,,,,,,,,,,,,,,,,,,,,,
Royal FrieslandCampina,Food and Beverages,2022,8,Done,,,,,,,,,,,,,,,,,,,,,
SABIC,Chemicals,2022,4,In progress,,,,,,,,,,,,,,,,,,,,,
SABIC,Chemicals,2019,3,In progress,,,,,,,,,,,,,,,,,,,,,
"SAIC Anji Logistics Co., Ltd.",Transport and Logistics,2022,3,Done,,,,,,,,,,,,,,,,,,,,,
"ANJI AUTOMOTIVE LOGISTICS CO., LTD",Transport and Logistics,2019,3,Not started,,,,,,,,,,,,,,,,,,,,,
SAIC General Motors Corporation Limited,Automotive,2017,4,In progress,,,,,,,,,,,,,,,,,,,,,
SAIC General Motors Corporation Limited,Automotive,2020,3,Done,,,,,,,,,,,,,,,,,,,,,
SAIC Motor Passenger Vehicle Co.,Manufacturing,2021,5,Done,,,,,,,,,,,,,,,,,,,,,
SAIC Motor Passenger Vehicle Co.,Manufacturing,2022,4,In progress,,,,,,,,,,,,,,,,,,,,,
SAIC VOLKSWAGEN,Automotive,2022,4,In progress,,,,,,,,,,,,,,,,,,,,,
SAIC VOLKSWAGEN,Automotive,2019,3,Done,,,,,,,,,,,,,,,,,,,,,
SAIC-GMAC Automotive Finance Company Limited,Financial Services,2017,5,Done,,,,,,,,,,,,,,,,,,,,,
SAIC-GMAC Automotive Finance Company Limited,Financial Services,2020,3,Blocked,,,,,,,,,,,,,,,,,,,,,
"SAIC-GM-Wuling Automobile Co., Ltd.",Manufacturing,2021,3,Not started,,,,,,,,,,,,,,,,,,,,,
"SAIC-GM-Wuling Automobile Co., Ltd.",Manufacturing,2022,4,Blocked,,,,,,,,,,,,,,,,,,,,,
Saint-Gobain China,Manufacturing,2022,4,Not started,,,,,,,,,,,,,,,,,,,,,
Saint-Gobain China,Manufacturing,2019,3,Done,,,,,,,,,,,,,,,,,,,,,
Sandoz China,Healthcare,2021,5,Not started,,,,,,,,,,,,,,,,,,,,,
Sandoz China,Healthcare,2022,3,In progress,,,,,,,,,,,,,,,,,,,,,
Sanofi China,Healthcare,2022,10,Done,,,,,,,,,,,,,,,,,,,,,
Sanofi China,Healthcare,2019,8,Done,,,,,,,,,,,,,,,,,,,,,
"SAP (China) Co., Ltd.",IT,2017,4,In progress,,,,,,,,,,,,,,,,,,,,,
"SAP (China) Co., Ltd.",IT,2016,3,In progress,,,,,,,,,,,,,,,,,,,,,
"SAS Institute China Co., Ltd.",IT,2014,4,Done,,,,,,,,,,,,,,,,,,,,,
"SAS Research and Development (Beijing) Co., Ltd.",IT,2017,3,Not started,,,,,,,,,,,,,,,,,,,,,
Schaeffler Greater China,Manufacturing,2017,5,Done,,,,,,,,,,,,,,,,,,,,,
Schaeffler Greater China,Manufacturing,2020,4,Done,,,,,,,,,,,,,,,,,,,,,
Shanghai Roche Healthcare Limited,Healthcare,2021,4,In progress,,,,,,,,,,,,,,,,,,,,,
Shanghai Roche Healthcare Limited,Healthcare,2022,3,In progress,,,,,,,,,,,,,,,,,,,,,
Signify China,Manufacturing,2022,5,Done,,,,,,,,,,,,,,,,,,,,,
Signify China,Manufacturing,2019,3,Done,,,,,,,,,,,,,,,,,,,,,
Takeda China,Healthcare,2021,3,Blocked,,,,,,,,,,,,,,,,,,,,,
Takeda China,Healthcare,2022,4,Not started,,,,,,,,,,,,,,,,,,,,,
"Tata Consultancy Services (China) Co., Ltd.",Manufacturing,2022,4,Blocked,,,,,,,,,,,,,,,,,,,,,
"Tata Consultancy Services (China) Co., Ltd.",Manufacturing,2022,3,Not started,,,,,,,,,,,,,,,,,,,,,
"Techpool Bio-Pharma Co., Ltd.",Healthcare,2019,5,Done,,,,,,,,,,,,,,,,,,,,,
"Techpool Bio-Pharma Co., Ltd.",Healthcare,2017,3,Not started,,,,,,,,,,,,,,,,,,,,,
The Linde Group,Manufacturing,2020,4,In progress,,,,,,,,,,,,,,,,,,,,,
The Linde Group,Manufacturing,2021,3,Done,,,,,,,,,,,,,,,,,,,,,
UNIQLO,Retail,2022,5,Done,,,,,,,,,,,,,,,,,,,,,
UNIQLO,Retail,2022,4,In progress,,,,,,,,,,,,,,,,,,,,,
UNISOC,Telecommunications,2019,4,In progress,,,,,,,,,,,,,,,,,,,,,
UNISOC,Telecommunications,2017,3,Done,,,,,,,,,,,,,,,,,,,,,
UPM China,Manufacturing,2017,5,Not started,,,,,,,,,,,,,,,,,,,,,
UPM China,Manufacturing,2020,3,In progress,,,,,,,,,,,,,,,,,,,,,
Valeo China,Automotive,2021,3,Done,,,,,,,,,,,,,,,,,,,,,
Valeo China,Automotive,2022,4,Done,,,,,,,,,,,,,,,,,,,,,
Volkswagen Automatic Transmission,Automotive,2022,4,In progress,,,,,,,,,,,,,,,,,,,,,
Volkswagen Automatic Transmission,Automotive,2019,3,In progress,,,,,,,,,,,,,,,,,,,,,
Volkswagen Financial Services China,Financial Services,2022,5,Done,,,,,,,,,,,,,,,,,,,,,
Volkswagen Financial Services China,Financial Services,2019,3,Done,,,,,,,,,,,,,,,,,,,,,
Volkswagen Group China,,2017,10,Blocked,,,,,,,,,,,,,,,,,,,,,
Volkswagen Group China,,2020,8,Not started,,,,,,,,,,,,,,,,,,,,,
Webasto China,Automotive,2021,4,Done,,,,,,,,,,,,,,,,,,,,,
Webasto China,Automotive,2022,3,Not started,,,,,,,,,,,,,,,,,,,,,
"Wyeth Nutrition (China) Co., Ltd.",Food and Beverages,2022,3,In progress,,,,,,,,,,,,,,,,,,,,,
"Wyeth Nutrition (China) Co., Ltd.",Food and Beverages,2019,4,Done,,,,,,,,,,,,,,,,,,,,,
Yanfeng Automotive Interiors,Automotive,2017,3,Done,,,,,,,,,,,,,,,,,,,,,
Yanfeng Automotive Interiors,Automotive,2020,5,In progress,,,,,,,,,,,,,,,,,,,,,
Yum China,Retail,2021,4,In progress,,,,,,,,,,,,,,,,,,,,,
Yum China,Retail,2022,4,Done,,,,,,,,,,,,,,,,,,,,,
Zimmer Biomet China,Healthcare,2022,3,Not started,,,,,,,,,,,,,,,,,,,,,
Zimmer Biomet China,Healthcare,2019,5,In progress,,,,,,,,,,,,,,,,,,,,,
British American Tobacco Colombia,FMCG,2021,3,Done,,,,,,,,,,,,,,,,,,,,,
British American Tobacco Colombia,FMCG,2022,3,Done,,,,,,,,,,,,,,,,,,,,,
Compañía Colombia de Tabaco S.A.S,FMCG,2022,4,In progress,,,,,,,,,,,,,,,,,,,,,
Compañía Colombia de Tabaco S.A.S,FMCG,2019,4,In progress,,,,,,,,,,,,,,,,,,,,,
DHL Aviation - Vensecar Sucursal Colombia,Transport and Logistics,2017,3,Done,,,,,,,,,,,,,,,,,,,,,
DHL Aviation - Vensecar Sucursal Colombia,Transport and Logistics,2016,5,Done,,,,,,,,,,,,,,,,,,,,,
Merck,Healthcare,2014,3,Blocked,,,,,,,,,,,,,,,,,,,,,
Merck,Healthcare,2017,10,Not started,,,,,,,,,,,,,,,,,,,,,
Old Mutual Colombia,Professional Services,2017,8,Blocked,,,,,,,,,,,,,,,,,,,,,
Old Mutual Colombia,Professional Services,2020,4,Not started,,,,,,,,,,,,,,,,,,,,,
Saint-Gobain Colombia,Retail,2021,3,Done,,,,,,,,,,,,,,,,,,,,,
Saint-Gobain Colombia,Retail,2022,3,Not started,,,,,,,,,,,,,,,,,,,,,
Sandoz a Novartis Division Colombia,,2022,4,In progress,,,,,,,,,,,,,,,,,,,,,
Sandoz a Novartis Division Colombia,,2019,3,Done,,,,,,,,,,,,,,,,,,,,,
Sanofi Colombia,Healthcare,2017,5,Done,,,,,,,,,,,,,,,,,,,,,
Sanofi,Healthcare,2020,4,In progress,,,,,,,,,,,,,,,,,,,,,
SAP Colombia,,2021,4,In progress,,,,,,,,,,,,,,,,,,,,,
SAP Colombia,,2022,3,Done,,,,,,,,,,,,,,,,,,,,,
Takeda Farmacéutica Colombia,Healthcare,2022,5,Not started,,,,,,,,,,,,,,,,,,,,,
Takeda Farmacéutica Colombia,Healthcare,2019,3,Done,,,,,,,,,,,,,,,,,,,,,
Tata Consultancy Services Colombia,IT,2021,3,Done,,,,,,,,,,,,,,,,,,,,,
Tata Consultancy Services Colombia,IT,2022,4,In progress,,,,,,,,,,,,,,,,,,,,,
Sandoz CAC,Healthcare,2022,4,In progress,,,,,,,,,,,,,,,,,,,,,
Sandoz CAC,Healthcare,2019,3,Done,,,,,,,,,,,,,,,,,,,,,
DHL Express- Shared Service Center Americas,Transport and Logistics,2017,5,Done,,,,,,,,,,,,,,,,,,,,,
DHL Express- Shared Service Center Americas,Transport and Logistics,2016,3,Blocked,,,,,,,,,,,,,,,,,,,,,
DHL Express Costa Rica,Transport and Logistics,2014,10,Not started,,,,,,,,,,,,,,,,,,,,,
DHL Express Costa Rica,Transport and Logistics,2017,8,Blocked,,,,,,,,,,,,,,,,,,,,,
Mendiola & CÍA S.A,FMCG,2022,4,Not started,,,,,,,,,,,,,,,,,,,,,
Mendiola & CÍA S.A,FMCG,2022,3,Done,,,,,,,,,,,,,,,,,,,,,
DHL of Curacao N.V.,Transport and Logistics,2019,4,Not started,,,,,,,,,,,,,,,,,,,,,
DHL of Curacao N.V.,Transport and Logistics,2017,3,In progress,,,,,,,,,,,,,,,,,,,,,
Lidl Cyprus,Retail,2020,5,Done,,,,,,,,,,,,,,,,,,,,,
Lidl Cyprus,Retail,2021,4,Done,,,,,,,,,,,,,,,,,,,,,
JT International Company (Cyprus) Limited,FMCG,2022,4,In progress,,,,,,,,,,,,,,,,,,,,,
JT International Company (Cyprus) Limited,FMCG,2022,3,In progress,,,,,,,,,,,,,,,,,,,,,
PepsiCo Cyprus (Corina Snacks LTD),Food and Beverages,2019,5,Done,,,,,,,,,,,,,,,,,,,,,
PepsiCo Cyprus (Corina Snacks LTD),Food and Beverages,2017,3,Not started,,,,,,,,,,,,,,,,,,,,,
Avon Cosmetics Czech Republic,Cosmetics,2017,3,In progress,,,,,,,,,,,,,,,,,,,,,
Avon Cosmetics Czech Republic,Cosmetics,2020,4,Done,,,,,,,,,,,,,,,,,,,,,
Brose CZ spol. s r.o.,Manufacturing,2021,4,Done,,,,,,,,,,,,,,,,,,,,,
Brose CZ spol. s r.o.,Manufacturing,2022,3,In progress,,,,,,,,,,,,,,,,,,,,,
DHL Express (Czech Republic) s.r.o.,Transport and Logistics,2022,5,In progress,,,,,,,,,,,,,,,,,,,,,
DHL Express (Czech Republic) s.r.o.,Transport and Logistics,2019,3,Done,,,,,,,,,,,,,,,,,,,,,
Dimension Data Czech Republic,IT,2022,10,Done,,,,,,,,,,,,,,,,,,,,,
Dimension Data Czech Republic,IT,2019,8,Blocked,,,,,,,,,,,,,,,,,,,,,
FAURECIA Czech republic,Automotive,2017,4,Not started,,,,,,,,,,,,,,,,,,,,,
FAURECIA Czech republic,Automotive,2020,3,Done,,,,,,,,,,,,,,,,,,,,,
"Imperial Tobacco CR, s.r.o.",Retail,2021,4,Not started,,,,,,,,,,,,,,,,,,,,,
"Imperial Tobacco CR, s.r.o.",Retail,2022,3,In progress,,,,,,,,,,,,,,,,,,,,,
"JT International, spol. s r.o.",FMCG,2022,5,Done,,,,,,,,,,,,,,,,,,,,,
"JT International, spol. s r.o.",FMCG,2019,4,Done,,,,,,,,,,,,,,,,,,,,,
Kaufland Ceska republika v.o.s.,Retail,2017,4,In progress,,,,,,,,,,,,,,,,,,,,,
Kaufland Ceska republika v.o.s.,Retail,2020,3,In progress,,,,,,,,,,,,,,,,,,,,,
Merck,Healthcare,2021,5,Done,,,,,,,,,,,,,,,,,,,,,
Merck,Healthcare,2022,3,Done,,,,,,,,,,,,,,,,,,,,,
NN Zivotni pojistovna,Healthcare,2022,3,Blocked,,,,,,,,,,,,,,,,,,,,,
NN Zivotni pojistovna,Healthcare,2019,4,Not started,,,,,,,,,,,,,,,,,,,,,
Philip Morris CR a.s.,FMCG,2021,4,Blocked,,,,,,,,,,,,,,,,,,,,,
Philip Morris CR a.s.,FMCG,2022,3,Not started,,,,,,,,,,,,,,,,,,,,,
Provident Financial s.r.o.,Banking,2022,5,Done,,,,,,,,,,,,,,,,,,,,,
Provident Financial s.r.o.,Banking,2019,3,Not started,,,,,,,,,,,,,,,,,,,,,
Saint-Gobain Czech Republic,Manufacturing,2017,4,In progress,,,,,,,,,,,,,,,,,,,,,
Saint-Gobain Czech Republic,Manufacturing,2016,3,Done,,,,,,,,,,,,,,,,,,,,,
SAP,,2014,5,Done,,,,,,,,,,,,,,,,,,,,,
SAP,,2017,4,In progress,,,,,,,,,,,,,,,,,,,,,
Valeo Autoklimatizace k.s,Manufacturing,2017,4,In progress,,,,,,,,,,,,,,,,,,,,,
Valeo Autoklimatizace k.s,Manufacturing,2020,3,Done,,,,,,,,,,,,,,,,,,,,,
VCES a.s.,Construction,2021,5,Not started,,,,,,,,,,,,,,,,,,,,,
VCES a.s.,Construction,2022,3,In progress,,,,,,,,,,,,,,,,,,,,,
1 & 1 Versatel GmbH,Telecommunications,2022,3,Done,,,,,,,,,,,,,,,,,,,,,
1 & 1 Versatel GmbH,Telecommunications,2019,4,Done,,,,,,,,,,,,,,,,,,,,,
Aareal Bank AG,Banking,2021,4,In progress,,,,,,,,,,,,,,,,,,,,,
Aareal Bank AG,Banking,2022,3,In progress,,,,,,,,,,,,,,,,,,,,,
Abbott,Healthcare,2022,5,Done,,,,,,,,,,,,,,,,,,,,,
Abbott,Healthcare,2022,3,Done,,,,,,,,,,,,,,,,,,,,,
AbbVie Deutschland GmbH & Co. KG,Healthcare,2019,10,Blocked,,,,,,,,,,,,,,,,,,,,,
AbbVie Deutschland GmbH & Co. KG,Healthcare,2017,8,Not started,,,,,,,,,,,,,,,,,,,,,
ACONEXT,Engineering,2020,4,Done,,,,,,,,,,,,,,,,,,,,,
ACONEXT,Engineering,2021,3,Not started,,,,,,,,,,,,,,,,,,,,,
ADM,Chemicals,2022,3,In progress,,,,,,,,,,,,,,,,,,,,,
ADM,Chemicals,2022,4,Done,,,,,,,,,,,,,,,,,,,,,
ADM WILD,Food and Beverages,2019,3,Done,,,,,,,,,,,,,,,,,,,,,
ADM WILD,Food and Beverages,2017,5,In progress,,,,,,,,,,,,,,,,,,,,,
Albert Berner Deutschland GmbH,Construction,2017,4,In progress,,,,,,,,,,,,,,,,,,,,,
Albert Berner Deutschland GmbH,Construction,2020,4,Done,,,,,,,,,,,,,,,,,,,,,
ALCON Pharma GmbH,Healthcare,2021,3,Not started,,,,,,,,,,,,,,,,,,,,,
ALCON Pharma GmbH,Healthcare,2022,5,In progress,,,,,,,,,,,,,,,,,,,,,
ALTEN,Engineering,2022,3,Done,,,,,,,,,,,,,,,,,,,,,
ALTEN,Engineering,2019,3,Done,,,,,,,,,,,,,,,,,,,,,
Amadeus Data Processing GmbH,IT,2022,4,In progress,,,,,,,,,,,,,,,,,,,,,
Amadeus Data Processing GmbH,IT,2019,4,In progress,,,,,,,,,,,,,,,,,,,,,
American Express Deutschland,Financial Services,2017,3,Done,,,,,,,,,,,,,,,,,,,,,
American Express Deutschland,Financial Services,2020,5,Done,,,,,,,,,,,,,,,,,,,,,
Amplifon Deutschland GmbH,Retail,2021,3,Blocked,,,,,,,,,,,,,,,,,,,,,
Amplifon Deutschland GmbH,Retail,2022,10,Not started,,,,,,,,,,,,,,,,,,,,,
Arvato Systems,IT,2022,8,Blocked,,,,,,,,,,,,,,,,,,,,,
Arvato Systems,IT,2019,4,Not started,,,,,,,,,,,,,,,,,,,,,
AstraZeneca USA,Healthcare,2017,3,Done,,,,,,,,,,,,,,,,,,,,,
AstraZeneca Netherlands,Healthcare,2020,3,Not started,,,,,,,,,,,,,,,,,,,,,
ATOTECH DEUTSCHLAND GmbH,Electronics,2021,4,In progress,,,,,,,,,,,,,,,,,,,,,
ATOTECH DEUTSCHLAND GmbH,Electronics,2022,3,Done,,,,,,,,,,,,,,,,,,,,,
Avedo USA,Professional Services,2022,5,Done,,,,,,,,,,,,,,,,,,,,,
Avedo Netherlands,Professional Services,2019,4,In progress,,,,,,,,,,,,,,,,,,,,,
AVL Deutschland GmbH,Engineering,2021,4,In progress,,,,,,,,,,,,,,,,,,,,,
,,,,,,,,,,,,,,,,,,,,,,,,,
,,,,,,,,,,,,,,,,,,,,,,,,,
,,,,,,,,,,,,,,,,,,,,,,,,,
Confidential - © Stichting RefugeeForce - Do not distribute,,,,,,,,,,,,,,,,,,,,,,,,,
,,,,,,,,,,,,,,,,,,,,,,,,,
,,,,,,,,,,,,,,,,,,,,,,,,,
,,,,,,,,,,,,,,,,,,,,,,,,,
,,,,,,,,,,,,,,,,,,,,,,,,,
,,,,,,,,,,,,,,,,,,,,,,,,,
,,,,,,,,,,,,,,,,,,,,,,,,,
,,,,,,,,,,,,,,,,,,,,,,,,,
,,,,,,,,,,,,,,,,,,,,,,,,,
,,,,,,,,,,,,,,,,,,,,,,,,,
,,,,,,,,,,,,,,,,,,,,,,,,,
,,,,,,,,,,,,,,,,,,,,,,,,,
,,,,,,,,,,,,,,,,,,,,,,,,,
,,,,,,,,,,,,,,,,,,,,,,,,,
,,,,,,,,,,,,,,,,,,,,,,,,,
,,,,,,,,,,,,,,,,,,,,,,,,,
,,,,,,,,,,,,,,,,,,,,,,,,,
,,,,,,,,,,,,,,,,,,,,,,,,,
,,,,,,,,,,,,,,,,,,,,,,,,,
,,,,,,,,,,,,,,,,,,,,,,,,,
,,,,,,,,,,,,,,,,,,,,,,,,,
,,,,,,,,,,,,,,,,,,,,,,,,,
,,,,,,,,,,,,,,,,,,,,,,,,,
,,,,,,,,,,,,,,,,,,,,,,,,,
,,,,,,,,,,,,,,,,,,,,,,,,,
,,,,,,,,,,,,,,,,,,,,,,,,,
,,,,,,,,,,,,,,,,,,,,,,,,,
,,,,,,,,,,,,,,,,,,,,,,,,,
,,,,,,,,,,,,,,,,,,,,,,,,,
,,,,,,,,,,,,,,,,,,,,,,,,,
,,,,,,,,,,,,,,,,,,,,,,,,,
,,,,,,,,,,,,,,,,,,,,,,,,,
,,,,,,,,,,,,,,,,,,,,,,,,,
,,,,,,,,,,,,,,,,,,,,,,,,,
,,,,,,,,,,,,,,,,,,,,,,,,,
,,,,,,,,,,,,,,,,,,,,,,,,,
,,,,,,,,,,,,,,,,,,,,,,,,,
,,,,,,,,,,,,,,,,,,,,,,,,,
,,,,,,,,,,,,,,,,,,,,,,,,,
,,,,,,,,,,,,,,,,,,,,,,,,,
,,,,,,,,,,,,,,,,,,,,,,,,,
,,,,,,,,,,,,,,,,,,,,,,,,,
,,,,,,,,,,,,,,,,,,,,,,,,,
,,,,,,,,,,,,,,,,,,,,,,,,,
,,,,,,,,,,,,,,,,,,,,,,,,,
,,,,,,,,,,,,,,,,,,,,,,,,,
,,,,,,,,,,,,,,,,,,,,,,,,,
,,,,,,,,,,,,,,,,,,,,,,,,,
,,,,,,,,,,,,,,,,,,,,,,,,,
,,,,,,,,,,,,,,,,,,,,,,,,,
,,,,,,,,,,,,,,,,,,,,,,,,,
,,,,,,,,,,,,,,,,,,,,,,,,,
,,,,,,,,,,,,,,,,,,,,,,,,,
,,,,,,,,,,,,,,,,,,,,,,,,,
,,,,,,,,,,,,,,,,,,,,,,,,,
,,,,,,,,,,,,,,,,,,,,,,,,,
,,,,,,,,,,,,,,,,,,,,,,,,,
,,,,,,,,,,,,,,,,,,,,,,,,,
,,,,,,,,,,,,,,,,,,,,,,,,,
,,,,,,,,,,,,,,,,,,,,,,,,,
,,,,,,,,,,,,,,,,,,,,,,,,,
,,,,,,,,,,,,,,,,,,,,,,,,,
,,,,,,,,,,,,,,,,,,,,,,,,,
,,,,,,,,,,,,,,,,,,,,,,,,,
,,,,,,,,,,,,,,,,,,,,,,,,,
,,,,,,,,,,,,,,,,,,,,,,,,,
,,,,,,,,,,,,,,,,,,,,,,,,,
,,,,,,,,,,,,,,,,,,,,,,,,,
,,,,,,,,,,,,,,,,,,,,,,,,,
,,,,,,,,,,,,,,,,,,,,,,,,,
,,,,,,,,,,,,,,,,,,,,,,,,,
,,,,,,,,,,,,,,,,,,,,,,,,,
,,,,,,,,,,,,,,,,,,,,,,,,,
,,,,,,,,,,,,,,,,,,,,,,,,,
,,,,,,,,,,,,,,,,,,,,,,,,,
,,,,,,,,,,,,,,,,,,,,,,,,,
,,,,,,,,,,,,,,,,,,,,,,,,,
,,,,,,,,,,,,,,,,,,,,,,,,,
,,,,,,,,,,,,,,,,,,,,,,,,,
,,,,,,,,,,,,,,,,,,,,,,,,,
,,,,,,,,,,,,,,,,,,,,,,,,,
,,,,,,,,,,,,,,,,,,,,,,,,,
,,,,,,,,,,,,,,,,,,,,,,,,,
,,,,,,,,,,,,,,,,,,,,,,,,,
,,,,,,,,,,,,,,,,,,,,,,,,,
,,,,,,,,,,,,,,,,,,,,,,,,,
,,,,,,,,,,,,,,,,,,,,,,,,,
,,,,,,,,,,,,,,,,,,,,,,,,,
,,,,,,,,,,,,,,,,,,,,,,,,,
,,,,,,,,,,,,,,,,,,,,,,,,,
,,,,,,,,,,,,,,,,,,,,,,,,,
,,,,,,,,,,,,,,,,,,,,,,,,,
,,,,,,,,,,,,,,,,,,,,,,,,,
,,,,,,,,,,,,,,,,,,,,,,,,,
,,,,,,,,,,,,,,,,,,,,,,,,,
,,,,,,,,,,,,,,,,,,,,,,,,,
,,,,,,,,,,,,,,,,,,,,,,,,,
,,,,,,,,,,,,,,,,,,,,,,,,,
,,,,,,,,,,,,,,,,,,,,,,,,,
,,,,,,,,,,,,,,,,,,,,,,,,,
,,,,,,,,,,,,,,,,,,,,,,,,,
,,,,,,,,,,,,,,,,,,,,,,,,,
,,,,,,,,,,,,,,,,,,,,,,,,,
,,,,,,,,,,,,,,,,,,,,,,,,,
,,,,,,,,,,,,,,,,,,,,,,,,,
,,,,,,,,,,,,,,,,,,,,,,,,,
,,,,,,,,,,,,,,,,,,,,,,,,,
,,,,,,,,,,,,,,,,,,,,,,,,,
,,,,,,,,,,,,,,,,,,,,,,,,,
,,,,,,,,,,,,,,,,,,,,,,,,,
,,,,,,,,,,,,,,,,,,,,,,,,,
,,,,,,,,,,,,,,,,,,,,,,,,,
,,,,,,,,,,,,,,,,,,,,,,,,,
,,,,,,,,,,,,,,,,,,,,,,,,,
,,,,,,,,,,,,,,,,,,,,,,,,,
,,,,,,,,,,,,,,,,,,,,,,,,,
,,,,,,,,,,,,,,,,,,,,,,,,,
,,,,,,,,,,,,,,,,,,,,,,,,,
,,,,,,,,,,,,,,,,,,,,,,,,,
,,,,,,,,,,,,,,,,,,,,,,,,,
,,,,,,,,,,,,,,,,,,,,,,,,,
,,,,,,,,,,,,,,,,,,,,,,,,,
,,,,,,,,,,,,,,,,,,,,,,,,,
,,,,,,,,,,,,,,,,,,,,,,,,,
,,,,,,,,,,,,,,,,,,,,,,,,,
,,,,,,,,,,,,,,,,,,,,,,,,,
,,,,,,,,,,,,,,,,,,,,,,,,,
,,,,,,,,,,,,,,,,,,,,,,,,,
,,,,,,,,,,,,,,,,,,,,,,,,,
,,,,,,,,,,,,,,,,,,,,,,,,,
,,,,,,,,,,,,,,,,,,,,,,,,,
,,,,,,,,,,,,,,,,,,,,,,,,,
,,,,,,,,,,,,,,,,,,,,,,,,,
,,,,,,,,,,,,,,,,,,,,,,,,,
,,,,,,,,,,,,,,,,,,,,,,,,,
,,,,,,,,,,,,,,,,,,,,,,,,,
,,,,,,,,,,,,,,,,,,,,,,,,,
,,,,,,,,,,,,,,,,,,,,,,,,,
,,,,,,,,,,,,,,,,,,,,,,,,,
,,,,,,,,,,,,,,,,,,,,,,,,,
,,,,,,,,,,,,,,,,,,,,,,,,,
,,,,,,,,,,,,,,,,,,,,,,,,,
,,,,,,,,,,,,,,,,,,,,,,,,,
,,,,,,,,,,,,,,,,,,,,,,,,,
,,,,,,,,,,,,,,,,,,,,,,,,,
,,,,,,,,,,,,,,,,,,,,,,,,,
,,,,,,,,,,,,,,,,,,,,,,,,,
,,,,,,,,,,,,,,,,,,,,,,,,,
,,,,,,,,,,,,,,,,,,,,,,,,,
,,,,,,,,,,,,,,,,,,,,,,,,,
,,,,,,,,,,,,,,,,,,,,,,,,,
,,,,,,,,,,,,,,,,,,,,,,,,,
,,,,,,,,,,,,,,,,,,,,,,,,,
,,,,,,,,,,,,,,,,,,,,,,,,,
,,,,,,,,,,,,,,,,,,,,,,,,,
,,,,,,,,,,,,,,,,,,,,,,,,,
,,,,,,,,,,,,,,,,,,,,,,,,,
,,,,,,,,,,,,,,,,,,,,,,,,,
,,,,,,,,,,,,,,,,,,,,,,,,,
,,,,,,,,,,,,,,,,,,,,,,,,,
,,,,,,,,,,,,,,,,,,,,,,,,,
,,,,,,,,,,,,,,,,,,,,,,,,,
,,,,,,,,,,,,,,,,,,,,,,,,,
,,,,,,,,,,,,,,,,,,,,,,,,,
,,,,,,,,,,,,,,,,,,,,,,,,,
,,,,,,,,,,,,,,,,,,,,,,,,,
,,,,,,,,,,,,,,,,,,,,,,,,,
,,,,,,,,,,,,,,,,,,,,,,,,,
,,,,,,,,,,,,,,,,,,,,,,,,,
,,,,,,,,,,,,,,,,,,,,,,,,,
,,,,,,,,,,,,,,,,,,,,,,,,,
,,,,,,,,,,,,,,,,,,,,,,,,,
,,,,,,,,,,,,,,,,,,,,,,,,,
,,,,,,,,,,,,,,,,,,,,,,,,,
,,,,,,,,,,,,,,,,,,,,,,,,,
,,,,,,,,,,,,,,,,,,,,,,,,,
,,,,,,,,,,,,,,,,,,,,,,,,,
,,,,,,,,,,,,,,,,,,,,,,,,,
,,,,,,,,,,,,,,,,,,,,,,,,,
,,,,,,,,,,,,,,,,,,,,,,,,,
,,,,,,,,,,,,,,,,,,,,,,,,,
,,,,,,,,,,,,,,,,,,,,,,,,,
,,,,,,,,,,,,,,,,,,,,,,,,,
,,,,,,,,,,,,,,,,,,,,,,,,,
,,,,,,,,,,,,,,,,,,,,,,,,,
,,,,,,,,,,,,,,,,,,,,,,,,,
,,,,,,,,,,,,,,,,,,,,,,,,,
,,,,,,,,,,,,,,,,,,,,,,,,,
,,,,,,,,,,,,,,,,,,,,,,,,,
,,,,,,,,,,,,,,,,,,,,,,,,,
,,,,,,,,,,,,,,,,,,,,,,,,,
,,,,,,,,,,,,,,,,,,,,,,,,,
,,,,,,,,,,,,,,,,,,,,,,,,,
,,,,,,,,,,,,,,,,,,,,,,,,,
,,,,,,,,,,,,,,,,,,,,,,,,,
,,,,,,,,,,,,,,,,,,,,,,,,,
,,,,,,,,,,,,,,,,,,,,,,,,,
,,,,,,,,,,,,,,,,,,,,,,,,,
,,,,,,,,,,,,,,,,,,,,,,,,,
,,,,,,,,,,,,,,,,,,,,,,,,,
,,,,,,,,,,,,,,,,,,,,,,,,,
,,,,,,,,,,,,,,,,,,,,,,,,,
,,,,,,,,,,,,,,,,,,,,,,,,,
,,,,,,,,,,,,,,,,,,,,,,,,,
,,,,,,,,,,,,,,,,,,,,,,,,,
,,,,,,,,,,,,,,,,,,,,,,,,,
,,,,,,,,,,,,,,,,,,,,,,,,,
,,,,,,,,,,,,,,,,,,,,,,,,,
,,,,,,,,,,,,,,,,,,,,,,,,,
,,,,,,,,,,,,,,,,,,,,,,,,,
,,,,,,,,,,,,,,,,,,,,,,,,,
,,,,,,,,,,,,,,,,,,,,,,,,,
,,,,,,,,,,,,,,,,,,,,,,,,,
,,,,,,,,,,,,,,,,,,,,,,,,,
,,,,,,,,,,,,,,,,,,,,,,,,,
,,,,,,,,,,,,,,,,,,,,,,,,,
,,,,,,,,,,,,,,,,,,,,,,,,,
,,,,,,,,,,,,,,,,,,,,,,,,,
,,,,,,,,,,,,,,,,,,,,,,,,,
,,,,,,,,,,,,,,,,,,,,,,,,,
,,,,,,,,,,,,,,,,,,,,,,,,,
,,,,,,,,,,,,,,,,,,,,,,,,,
,,,,,,,,,,,,,,,,,,,,,,,,,
,,,,,,,,,,,,,,,,,,,,,,,,,
,,,,,,,,,,,,,,,,,,,,,,,,,
,,,,,,,,,,,,,,,,,,,,,,,,,
,,,,,,,,,,,,,,,,,,,,,,,,,
,,,,,,,,,,,,,,,,,,,,,,,,,
,,,,,,,,,,,,,,,,,,,,,,,,,
,,,,,,,,,,,,,,,,,,,,,,,,,
,,,,,,,,,,,,,,,,,,,,,,,,,
,,,,,,,,,,,,,,,,,,,,,,,,,
,,,,,,,,,,,,,,,,,,,,,,,,,
,,,,,,,,,,,,,,,,,,,,,,,,,
,,,,,,,,,,,,,,,,,,,,,,,,,
,,,,,,,,,,,,,,,,,,,,,,,,,
,,,,,,,,,,,,,,,,,,,,,,,,,
,,,,,,,,,,,,,,,,,,,,,,,,,
,,,,,,,,,,,,,,,,,,,,,,,,,
,,,,,,,,,,,,,,,,,,,,,,,,,
,,,,,,,,,,,,,,,,,,,,,,,,,
,,,,,,,,,,,,,,,,,,,,,,,,,
,,,,,,,,,,,,,,,,,,,,,,,,,
,,,,,,,,,,,,,,,,,,,,,,,,,
,,,,,,,,,,,,,,,,,,,,,,,,,
,,,,,,,,,,,,,,,,,,,,,,,,,
,,,,,,,,,,,,,,,,,,,,,,,,,
,,,,,,,,,,,,,,,,,,,,,,,,,
,,,,,,,,,,,,,,,,,,,,,,,,,
,,,,,,,,,,,,,,,,,,,,,,,,,
,,,,,,,,,,,,,,,,,,,,,,,,,
,,,,,,,,,,,,,,,,,,,,,,,,,
,,,,,,,,,,,,,,,,,,,,,,,,,
,,,,,,,,,,,,,,,,,,,,,,,,,
,,,,,,,,,,,,,,,,,,,,,,,,,
,,,,,,,,,,,,,,,,,,,,,,,,,
,,,,,,,,,,,,,,,,,,,,,,,,,
,,,,,,,,,,,,,,,,,,,,,,,,,
,,,,,,,,,,,,,,,,,,,,,,,,,
,,,,,,,,,,,,,,,,,,,,,,,,,
,,,,,,,,,,,,,,,,,,,,,,,,,
,,,,,,,,,,,,,,,,,,,,,,,,,
,,,,,,,,,,,,,,,,,,,,,,,,,
,,,,,,,,,,,,,,,,,,,,,,,,,
,,,,,,,,,,,,,,,,,,,,,,,,,
,,,,,,,,,,,,,,,,,,,,,,,,,
,,,,,,,,,,,,,,,,,,,,,,,,,
,,,,,,,,,,,,,,,,,,,,,,,,,
,,,,,,,,,,,,,,,,,,,,,,,,,
,,,,,,,,,,,,,,,,,,,,,,,,,
,,,,,,,,,,,,,,,,,,,,,,,,,
,,,,,,,,,,,,,,,,,,,,,,,,,
,,,,,,,,,,,,,,,,,,,,,,,,,
,,,,,,,,,,,,,,,,,,,,,,,,,
,,,,,,,,,,,,,,,,,,,,,,,,,
,,,,,,,,,,,,,,,,,,,,,,,,,
,,,,,,,,,,,,,,,,,,,,,,,,,
,,,,,,,,,,,,,,,,,,,,,,,,,
,,,,,,,,,,,,,,,,,,,,,,,,,
,,,,,,,,,,,,,,,,,,,,,,,,,
,,,,,,,,,,,,,,,,,,,,,,,,,
,,,,,,,,,,,,,,,,,,,,,,,,,
,,,,,,,,,,,,,,,,,,,,,,,,,
,,,,,,,,,,,,,,,,,,,,,,,,,
